size, blocks, gpu time, cpu time
4,1,0.021000,0.002000
10000004,100001,2.913000,29.941000
20000004,200001,5.830000,62.957000
30000004,300001,8.662000,96.530000
40000004,400001,11.587000,107.938000
50000004,500001,14.445000,129.216000
60000004,600001,17.304000,150.008000
70000004,700001,20.263000,174.946000
80000004,800001,23.099000,198.883000
90000004,900001,26.066000,221.222000